{
  "model_performance": {
    "accuracy": 0.14285714285714285,
    "precision": 0.6379310344827587,
    "recall": 0.39361702127659576,
    "f1_score": 0.48684210526315796,
    "roc_auc": 0.6471819827976459
  },
  "dataset_info": {
    "total_swings": 376,
    "contact_count": "188",
    "whiff_count": "188",
    "contact_rate": 0.5,
    "whiff_rate": 0.5
  },
  "pitch_type_accuracy": {
    "SL": 0.6666666666666666,
    "FC": 0.6333333333333333,
    "FS": 0.625,
    "SI": 0.6190476190476191,
    "CH": 0.5833333333333334,
    "ST": 0.5833333333333334,
    "FF": 0.5625,
    "CU": 0.5263157894736842,
    "KC": 0.14285714285714285
  }
}